"Status","Start Time","Stop Time","Duration in ms","Parent Suite","Suite","Sub Suite","Test Class","Test Method","Name","Description"
"passed","Wed Jul 13 12:25:32 UTC 2022","Wed Jul 13 12:25:33 UTC 2022","306","","test_pipeline","","","","test_config",""
"passed","Wed Jul 13 12:25:24 UTC 2022","Wed Jul 13 12:25:24 UTC 2022","40","","test_pipeline","","","","test_filter_column_migrate",""
"passed","Wed Jul 13 12:25:28 UTC 2022","Wed Jul 13 12:25:30 UTC 2022","1249","","test_pipeline","","","","test_merge_sync",""
"passed","Wed Jul 13 12:25:00 UTC 2022","Wed Jul 13 12:25:05 UTC 2022","5165","","test_datasource","","","","test_create_datasource_by_form",""
"passed","Wed Jul 13 12:25:30 UTC 2022","Wed Jul 13 12:25:32 UTC 2022","1953","","test_pipeline","","","","test_merge_sync_multi_nesting",""
"passed","Wed Jul 13 12:26:09 UTC 2022","Wed Jul 13 12:26:11 UTC 2022","2180","","test_pipeline","","","","test_monitor",""
"passed","Wed Jul 13 12:25:21 UTC 2022","Wed Jul 13 12:25:23 UTC 2022","1776","","test_pipeline","","","","test_sync_job_create",""
"passed","Wed Jul 13 12:26:11 UTC 2022","Wed Jul 13 12:26:13 UTC 2022","1327","","test_pipeline","","","","test_check",""
"passed","Wed Jul 13 12:26:06 UTC 2022","Wed Jul 13 12:26:09 UTC 2022","3268","","test_pipeline","","","","test_stats",""
"passed","Wed Jul 13 12:25:27 UTC 2022","Wed Jul 13 12:25:28 UTC 2022","1666","","test_pipeline","","","","test_js_sync",""
"passed","Wed Jul 13 12:25:24 UTC 2022","Wed Jul 13 12:25:26 UTC 2022","1500","","test_pipeline","","","","test_filter_column_sync",""
"passed","Wed Jul 13 12:25:32 UTC 2022","Wed Jul 13 12:25:32 UTC 2022","63","","test_pipeline","","","","test_processor_migrate",""
"passed","Wed Jul 13 12:25:23 UTC 2022","Wed Jul 13 12:25:24 UTC 2022","1383","","test_pipeline","","","","test_filter_sync",""
"passed","Wed Jul 13 12:25:33 UTC 2022","Wed Jul 13 12:26:06 UTC 2022","33220","","test_pipeline","","","","test_stop",""
"passed","Wed Jul 13 12:25:23 UTC 2022","Wed Jul 13 12:25:23 UTC 2022","49","","test_pipeline","","","","test_filter_migrate",""
"passed","Wed Jul 13 12:25:28 UTC 2022","Wed Jul 13 12:25:28 UTC 2022","122","","test_pipeline","","","","test_merge_migrate",""
"passed","Wed Jul 13 12:25:26 UTC 2022","Wed Jul 13 12:25:26 UTC 2022","68","","test_pipeline","","","","test_rename_migrate",""
"passed","Wed Jul 13 12:24:53 UTC 2022","Wed Jul 13 12:25:00 UTC 2022","7017","","test_datasource","","","","test_mongo_create_datasource_by_uri",""
"passed","Wed Jul 13 12:25:26 UTC 2022","Wed Jul 13 12:25:27 UTC 2022","832","","test_pipeline","","","","test_rename_sync",""
"passed","Wed Jul 13 12:25:20 UTC 2022","Wed Jul 13 12:25:21 UTC 2022","454","","test_pipeline","","","","test_migrate_job",""
"passed","Wed Jul 13 12:25:05 UTC 2022","Wed Jul 13 12:25:15 UTC 2022","10260","","test_datasource","","","","test_mongo_create_by_uri",""
"passed","Wed Jul 13 12:25:15 UTC 2022","Wed Jul 13 12:25:20 UTC 2022","5145","","test_datasource","","","","test_postgres",""
"passed","Wed Jul 13 12:25:32 UTC 2022","Wed Jul 13 12:25:32 UTC 2022","507","","test_pipeline","","","","test_processor_sync",""
"passed","Wed Jul 13 12:25:27 UTC 2022","Wed Jul 13 12:25:27 UTC 2022","83","","test_pipeline","","","","test_js_migrate",""
"passed","Wed Jul 13 12:25:15 UTC 2022","Wed Jul 13 12:25:15 UTC 2022","0","","test_datasource","","","","test_mysql_to_dict",""
